Odczytanie wielokątu,5.261086882092059
Dodanie wielokątu,13.201267060358077
Zaktualizowanie wielokątu,10.077937690075487
Usunięcie wielokątu,6.620651826960966
