count,time
41,10.589461820200086
172,40.98853069823235
415,128.73237775987945
1244,261.45472133764997
3039,686.5493167028762
