count,time
1,3.794452118454501
10,5.452260404126719
32,12.755083286901936
72,26.504488482605666
195,70.86933367303573
604,161.7175170208793
