count,time
3,8.142917612567544
6,17.094648758647963
19,24.34416869771667
57,42.99238690407947
161,87.59648588718846
